<shortcuts>
	<shortcut>
		<defaultID />
		<label>TV</label>
		<label2>Benutzerdefinierter Eintrag</label2>
		<icon>DefaultShortcut.png</icon>
		<thumb>special://skin/extras/icons/livetv.png</thumb>
		<action>ActivateWindow(TVGuide)</action>
		</shortcut>
	<shortcut>
		<defaultID>tvshows</defaultID>
		<label>TV Shows</label>
		<label2>Custom item</label2>
		<icon>DefaultShortcut.png</icon>
		<thumb>special://skin/extras/icons/tv.png</thumb>
		<action>ActivateWindow(Videos,"plugin://plugin.video.homelander/?action=tvNavigator",return)</action>
		</shortcut>
	<shortcut>
		<defaultID>movies</defaultID>
		<label>Filme</label>
		<label2>Benutzerdefinierter Eintrag</label2>
		<icon>DefaultShortcut.png</icon>
		<thumb>special://skin/extras/icons/movies.png</thumb>
		<action>ActivateWindow(Videos,"plugin://plugin.video.vavooto",return)</action>
		</shortcut>
	<shortcut>
		<defaultID>mymovies</defaultID>
		<label>My Movies</label>
		<label2>Custom item</label2>
		<icon>DefaultShortcut.png</icon>
		<thumb>special://skin/extras/icons/mymovies.png</thumb>
		<action>ActivateWindow(Videos,"plugin://plugin.video.homelander/?action=mymovieNavigator",return)</action>
		</shortcut>
	<shortcut>
		<defaultID>mytvshows</defaultID>
		<label>My TV Shows</label>
		<label2>Custom item</label2>
		<icon>DefaultShortcut.png</icon>
		<thumb>special://skin/extras/icons/mytv.png</thumb>
		<action>ActivateWindow(Videos,"plugin://plugin.video.homelander/?action=mytvNavigator",return)</action>
		</shortcut>
	<shortcut>
		<defaultID>favourites</defaultID>
		<label>Favourites</label>
		<label2>Custom item</label2>
		<icon>DefaultShortcut.png</icon>
		<thumb>special://skin/extras/icons/favourites.png</thumb>
		<action>ActivateWindow(Favourites)</action>
		</shortcut>
	<shortcut>
		<defaultID>search</defaultID>
		<label>Search</label>
		<label2>Custom item</label2>
		<icon>DefaultShortcut.png</icon>
		<thumb>special://skin/extras/icons/search.png</thumb>
		<action>ActivateWindow(Videos,"plugin://plugin.video.homelander/?action=searchNavigator",return)</action>
		</shortcut>
	<shortcut>
		<defaultID />
		<label>Tools</label>
		<label2>Custom item</label2>
		<icon>DefaultShortcut.png</icon>
		<thumb>special://skin/extras/icons/programs.png</thumb>
		<action>ActivateWindow(Videos,"plugin://plugin.video.homelander/?action=toolNavigator",return)</action>
		</shortcut>
	<shortcut>
		<defaultID />
		<label>Wizard</label>
		<label2>Benutzerdefinierter Eintrag</label2>
		<icon>DefaultShortcut.png</icon>
		<thumb>special://skin/extras/icons/android.png</thumb>
		<action>ActivateWindow(Programs,"plugin://plugin.program.thecrewiz/?mode=maint&amp;name=backup",return)</action>
		</shortcut>
	</shortcuts>
