<shortcuts>
	<shortcut>
		<defaultID>newtvshows</defaultID>
		<label>New TV Shows</label>
		<label2 />
		<icon>DefaultShortcut.png</icon>
		<thumb />
		<action>noop</action>
		</shortcut>
	<shortcut>
		<defaultID>returningtvshows</defaultID>
		<label>Returning TV Shows</label>
		<label2 />
		<icon>DefaultShortcut.png</icon>
		<thumb />
		<action>noop</action>
		</shortcut>
	<shortcut>
		<defaultID>trendingtvshows</defaultID>
		<label>Trending TV Shows</label>
		<label2 />
		<icon>DefaultShortcut.png</icon>
		<thumb />
		<action>noop</action>
		</shortcut>
	<shortcut>
		<defaultID>showsairingtoday</defaultID>
		<label>Shows Airing Today</label>
		<label2 />
		<icon>DefaultShortcut.png</icon>
		<thumb />
		<action>noop</action>
		</shortcut>
	<shortcut>
		<defaultID>tvgenres</defaultID>
		<label>TV Genres</label>
		<label2 />
		<icon>DefaultShortcut.png</icon>
		<thumb />
		<action>noop</action>
		</shortcut>
	<shortcut>
		<defaultID>tvnetworks</defaultID>
		<label>TV Networks</label>
		<label2 />
		<icon>DefaultShortcut.png</icon>
		<thumb />
		<action>noop</action>
		</shortcut>
	</shortcuts>
