<sources>
    <programs>
        <default pathversion="1"></default>
    </programs>
    <video>
        <default pathversion="1"></default>
    </video>
    <music>
        <default pathversion="1"></default>
    </music>
    <pictures>
        <default pathversion="1"></default>
    </pictures>
    <files>
        <default pathversion="1"></default>
        <source>
            <name>NAS 2</name>
            <path pathversion="1">smb://192.168.2.12/</path>
            <allowsharing>true</allowsharing>
        </source>
        <source>
            <name>pvr</name>
            <path pathversion="1">smb://192.168.2.8/smb1/kodi/epg/pvr/</path>
            <allowsharing>true</allowsharing>
        </source>
    </files>
    <games>
        <default pathversion="1"></default>
    </games>
</sources>
